variable	value
Lauren Bacall	"@DADiClementi @RosyShepherdess @HumphreyBogart ğŸ˜‚

Thank you.   Iâ€™ll see if I can find anything on the net...Iâ€™ll also check for Lauren Bacall while Iâ€™m at it."
Lauren Bacall	@RyanKennedy_22 Lauren Bacall
Lauren Bacall	@bully_thelsb Lauren Bacall
Lauren Bacall	@Emily_S_Cooper @ContactMcr @ForwardPrizes Lauren Bacall's ghost gibbers with envy
Lauren Bacall	gingerhaole: Four styles we havenâ€™t seen on Crowley: a Lauren Bacall, some viking braids, a Joey Ramone and a Bowie, of course ğŸ’› https://t.co/mxUPsYCAtq
Lauren Bacall	@andknick I'm excited to hear from Lauren Bacall. Better get out the Ouija board
Lauren Bacall	Lauren Bacall by Bert Six, 1945 https://t.co/p97rShGerS
Lauren Bacall	"@juanma3010 Por supuesto, Lauren -Slim- Bacall

Vivian Rutledge, The Big Sleep (1946)

Philip Marlowe: Â¿QuÃ© pasa contigo?
Vivian Rutledge: Nada que no puedas arreglar.

https://t.co/b8mEWja8DX"
Lauren Bacall	@juanma3010 No se si califican 100% como feme fatale, pero ne gustan mucho Kim Novak. Jean Harlow y Lauren Bacall.
Lauren Bacall	"A shayneh zisseh Yiddische maydeleh, like Lauren Bacall, Scarlett Johansen, Natalie Portman, Gwyneth Paltrow, Eva Green...
#modeling #cinema #actress #actor  #glamour #photography #lundi #lunedi #lunes #Montag https://t.co/ayKDTwfuRu"
Sophia Loren	Over the next 13 days I'll have read &amp; responded to all chapbook manuscript queries (about 100 left), write an article about Spain for @fodorstravel, take my mom to NYC for the new @MSCCruisesUSA ship naming ceremony with Sophia Loren, and open up the Issue 10 submission window.
Sophia Loren	Sophia Loren ğŸ˜ https://t.co/wihpmaXsrT
Sophia Loren	@sophia_ne_loren âœ…ğŸ–¤
Sophia Loren	Sophia Loren photographed on the red carpet at the Academy Awards in Los Angeles, 1991. She was awarded an honorary Oscar for her career later that night. https://t.co/gfrl43PCDC
Sophia Loren	@alexthechick Itâ€™s accepted doctrine in any true religion that Sophia Loren is proof of intelligent design/a prime mover. ( the fact that Aquinas fails to mention is an epic fail IMO ) Sweet potato is the same strength evidence of the existence of the evil one.
Sophia Loren	"un giorno poi cercherÃ² di capire perchÃ© la bruganelli parla e si atteggia come se fosse e avesse la carriera di sophia loren giuro
#GFVip"
Sophia Loren	Sophia Loren in The Pride and the Passion (1957). https://t.co/hFoLWwWBGY
Sophia Loren	@Joao_Pedrojf @adriano_flopes @Bubble_blee Quem admirou Sophia Loren nos filmes, sÃ³ se for louco pra nÃ£o reconhecer a imitaÃ§Ã£o nas caras de marmanjos mimizentos. Obrigado, aprendi a grafia â€œsobrancelhaâ€ agora contigo.
Sophia Loren	Sophia Loren, spogliarello per Marcello Mastroianni. https://t.co/UMDMvGIyQx
Sophia Loren	Who Are Sophia Lorens Parents? Sophia Loren Biography, Parents Name, Nationality And More â€“Â News https://t.co/A6DpEH4Sya
Gong Li	Chinese actress Li Gong dressed in a gorgeous Kimono https://t.co/kBMoe1sylO
Gong Li	"Ancient Map, China

This map was purchased by Chinese collector Liu Gang in 2001 at an antique store in Shanghai for $500.

The date of the map is 1763, but it bears the inscription: ""This map was drawn by Mo Yi Tong, a Qing dynasty citizen, during the reign of Emperor Gong Li https://t.co/CkpwHjRsr7"
Gong Li	"Greatest suffering gong fr goes to Li Ying
My man's really chose to feel the sensation of slowly dying while being eaten by a thousand magical snakes forever. As a self imposed punishment. Begged his wife for it too. Actual madman.
#RyaReadsObsessiveShou"
Gong Li	I loved!!! @Lita_films7 if you like Farewell My Concubine and Gong Li I'm pretty sure you'll like this one!
Gong Li	OMG SHE'S A zhÇ” yÄ« hÃº shÄ“ng sÇ bÄ“i huÄn jÃ¬ shÃ oniÃ¡n lÃ¡ng mÃ­ng yuÃ¨ yÄ« jiÃ¹ hÃ© lÃ¡i chÃ ng wÇng bÃ¹ rÃº xiÄo xiÄo sÇ sÇ lÃ¬ biÃ n fÄ“ng hÃ© lÃ ng tiÄn yÃ¡ yÄ« qÇ” gÃ²ng yÅu yÃ¡ng FAN!!!! https://t.co/64r7pe3U85
Gong Li	@ha99yanniversry mei dao da jie xiao xiang. mei ge ren de zui li. qian mian di yi ji hua. jiu shi gong xi gong xi
Gong Li	"è¯æ®20ã€21ã€åŒ—äº¬å¸‚å…¬å®‰å±€å®£æ­¦åˆ†å±€ä¸äºˆç«‹æ¡ˆé€šçŸ¥å•ã€‘å®£å…¬åˆ‘ä¸ç«‹å­—ï¼ˆ2007ï¼‰0161å·ã€‚Evidence 20ã€21 [Notice of not filing a case by Xuanwu Branch of Beijing Municipal Public Security Bureau] Xuan Gong Xing Bu Li Zi (2007) No. 0161.
ã€ä¸¾æŠ¥ä¿¡é€€ä¿¡ä¿¡å°ã€‘ï¼[Report letter and return envelope]! https://t.co/XH9wGJ4kcK"
Gong Li	"Dieser Film wurde in Hollywood fÃ¼r China produziert. In den USA war er nur fÃ¼r ""ausgewÃ¤hltes Publikum"" zu sehen
Shanghai Official US Release Trailer #1 (2015) - Li Gong, Yun-Fat Chow M... https://t.co/DVyvpcbmi1 via @YouTube"
Gong Li	ngl last movie I'd expect Gong Li to end up in https://t.co/z38zo1F2HV
Gong Li	"Das stille Qi Gong nach Meister Zhi-Chang Li: Innere Ãœbungen zur StÃ¤rkung der Lebensenergie LFXM8JL

https://t.co/xBaZEWEVVR https://t.co/pcL7OBvVps"
Armin Mueller-Stahl	"Frases do filme: ""Ã€s vezes um homem encontra o seu destino na estrada que tomou para evitÃ¡-lo"". Armin Mueller-Stahl (Trama Internacional)"
Armin Mueller-Stahl	"Das beste Statement bezÃ¼glich der #OneLove-Binde kam Ã¼brigens von Armin MÃ¼ller-Stahl:

â€Besser ein Knick in der Karriere, als ein Knick im RÃ¼ckgrat.â€œ 

Sehr nice."
Armin Mueller-Stahl	"1/2 #NiemalsVergessen ist heute wichtiger denn je. Deshalb  legen wir euch gerne einen Besuch im @MKK_Do ans Herz. Dort stellt der Schauspieler und KÃ¼nstler Armin MÃ¼ller-Stahl bis Ende Januar seinen Werkzyklus Â»JÃ¼dische FreundeÂ« aus. https://t.co/HANnu0XStD
(Foto: @stadtdortmund)"
Armin Mueller-Stahl	â€Durch das Projekt habe ich Whitman schÃ¤tzen und lieben gelerntâ€œ, sagte Armin Mueller-Stahl am Mittwoch bei der Buchvorstellung von â€Leaves of Grassâ€œ: Er hatte eigens fÃ¼r das neue Buch ein â€malerisches Updateâ€œ eines frÃ¼hen Portraits des Dichters kreiert. https://t.co/RTu2EPRcNo
Armin Mueller-Stahl	"Acht Jahre lang haben fast 80 Studierende und Wissenschaftler*innen der TU Dortmund rund um Prof. Walter GrÃ¼nzweig die erste Ausgabe des Gedichtbands â€Leaves of Grassâ€œ des amerikanischen Autors Walt Whitman, die im Jahr 1855 erschien, Ã¼bersetzt.

https://t.co/xNR1ZJpOdK"
Armin Mueller-Stahl	"Movie Quotes: ""We cannot control the things life does to us. They are done before you know it, and once they are done, they make you do other things. Until at last everything comes between you and the man you wanted to be"". Armin Mueller-Stahl (The International)"
Armin Mueller-Stahl	@cjones47 Great cast. I like Armin MÃ¼ller-Stahl
Armin Mueller-Stahl	Ausstellung in Dortmund: Armin Mueller-Stahls â€JÃ¼dische Freundeâ€œ https://t.co/YGvj5DK9R7 https://t.co/UgVNtYoTVw
Armin Mueller-Stahl	@Glenn__Kenny @JoeLeydon Iâ€™m a long-time fan, too: I had the great fortune to be able to see a number of the DEFA films from the GDR in college, and was floored to see a young Armin Mueller-Stahl in the original JACOB THE LIAR, although the first film I saw him in was NIGHT ON EARTH w/Giancarlo Esposito
Armin Mueller-Stahl	"Armin Mueller-Stahl zeigt seine Serie â€JÃ¼dische Freundeâ€œ im MKK Dortmund

Im MKK ist vom 24. November 2022 bis 29. Januar 2023 Armin Mueller-Stahls jÃ¼ngster Werkzyklus â€JÃ¼dische Freundeâ€œ zu sehen. Ausgestellt werden 30 GemÃ¤lde auf Papier â€“

https://t.co/6hTWLyhGH1 https://t.co/fDEW1GNEp4"
John Cleese	@seilaqlqrnome @mask_bastard @ShitpostGate I couldnâ€™t think of a more difficult situation to keep it together in. Full Roman battle gear and I have John Cleese in my face yelling about dicks
John Cleese	@afcb_r0b @stevecherries @RobMeech @SamAS91_ @JoeyL14 @LBACSimon @AyJayL The 66 final was great. I watched it in a West country hotel. We were away at a camp and pre booked it. A number of old boys were in the room and they mentioned the war a lot. Some time later John Cleese turned it into a sitcom.
John Cleese	@SvenSveetheart @EricIdle Graham Chapman and John Cleese were probably too busy doing At Last the 1948 show
John Cleese	@MPersellin70 @screenrant Robbie Coltrane and John Cleese have defended her as well.
John Cleese	@waynerothe John Cleese. Definitely John Cleese! https://t.co/amfGZT8t1l
John Cleese	John Cleese https://t.co/v7l20gp8pU
John Cleese	@NoContextBrits John Cleese reportedly turned it down. Michael Palin knighted in 2019. What about the other (surviving) Pythons?
John Cleese	@GerardGroves katie hopkins and john cleese
John Cleese	@akaalexa @RonFilipkowski Yes, John Cleese has already stated the obvious paradoxical difficulty with Trumpers: https://t.co/RcpkIWzbl8
John Cleese	@RyanKennedy_22 Tom Hanks has a wonderful voice, but John Cleese would capture my tone better
Brad Pitt	@Emma65964855 En tous cas il nâ€™y en a aucun qui ressemble Ã  Brad Pitt ! Ã‰tonnant ğŸ˜³
Brad Pitt	je viens d'apprendre que Brad Pitt est dans ce film https://t.co/m1O8RbDKy2
Brad Pitt	@Pongita @Variety Chris Brown is a piece of shit. Brad Pitt hasn't done anything in Public. And Will Smith assaulted someone on Live TV.
Brad Pitt	BABYLON | Official Trailer (2022 Movie) â€“ Brad Pitt, Margot Robbie, Dieg... https://t.co/iNpX0L31yT @YouTube aracÄ±lÄ±ÄŸÄ±yla
Brad Pitt	QuiÃ©n es la que anda peleando al Brad Pitt HondureÃ±o?
Brad Pitt	@Roybattyforever Hasta esa escena nÃºnca habÃ­a considerado a Brad Pitt como un Buen Actor,pero ahÃ­ estuvo inmenso.
Brad Pitt	Brad Pitt deserves an award for his portrayal of Patch Boomhauer ğŸ† https://t.co/fzaq3qGC1o
Brad Pitt	Babylon â€“ Official Trailer #2 (2022) Brad Pitt, Margot Robbie, DiegoÂ Calva https://t.co/QOtdniytp5
Brad Pitt	@Ramardoh1 Es el mismo camarÃ³grafo de los Oscars, con DiCaprio y Brad Pitt ğŸ¤£
Brad Pitt	|| parece a una mezcla entre Sean Oâ€™pry y Brad Pitt cuando hizo de Aquiles. https://t.co/iAT0sYVLCh
Woody Allen	Petersen, Marshall, Daldry, Altman, McKay, White, Polanski (yes same with Woody Allen that both are terrible people but brilliant filmmakers), Moore, Gunn, Lanthimos, Audiard &amp; Denis. Heâ€™s still young but in several years, they better reward him the Lifetime Achievement Award.
Woody Allen	@ClownWorld_ Looks like a Woody Allen movie
Woody Allen	"Woody Allen is really the ultimate. I lo

 https://t.co/7Au16meIao"
Woody Allen	"Woody Allen is really the ultimate. I lo

 https://t.co/7bWw4y9nHL"
Woody Allen	"Woody Allen is really the ultimate. I lo

 https://t.co/flRJV8afwq"
Woody Allen	"Woody Allen is really the ultimate. I lo

 https://t.co/d5ssM0ASdM"
Woody Allen	"Woody Allen is really the ultimate. I lo

 https://t.co/o3XMUrsoQP"
Woody Allen	Manhattan, Woody Allen (1979) https://t.co/aHJt0jDCdH
Woody Allen	"Î¥Ï€Î­ÏÎ¿Ï‡Î· Ï†Ï‰Ï„Î¿Î³ÏÎ±Ï†Î¯Î±, Î¬ÏˆÎ¿Î³Î· ÏƒÎºÎ·Î½Î¿Î¸ÎµÏƒÎ¯Î±, Ï‰ÏÎ±Î¯ÎµÏ‚ ÎµÏÎ¼Î·Î½ÎµÎ¯ÎµÏ‚, Î³ÎµÎ¼Î¬Ï„ÎµÏ‚ ÏƒÏ…Î½Î±Î¯ÏƒÎ¸Î·Î¼Î±, Î¿ Woody Allen ÎµÎ¾Î±Î¹ÏÎµÏ„Î¹ÎºÏŒÏ‚ ÏƒÎµ Î´ÎµÏÏ„ÎµÏÎ¿ ÏÏŒÎ»Î¿ ÎºÎ±Î¹...Ï„Î¿ sexiness Ï„Î·Ï‚ Sofia Vergara Î±Ï€ÏŒ Î¬Î»Î»Î¿ Î³Î±Î»Î±Î¾Î¯Î±.

(Î¤ÏÏÎ± ÏƒÏ‡ÎµÎ´ÏŒÎ½ Ï„ÎµÎ»ÎµÎ¹ÏÎ½ÎµÎ¹ ÏƒÏ„Î·Î½ Î•ÏÏ„2, ÏŒÎ¼Ï‰Ï‚ Ï…Ï€Î¬ÏÏ‡ÎµÎ¹ ÎºÎ±Î¹ ÏƒÏ„Î¿ @ERTflixOfficial.) 
#FadingGigolo https://t.co/dX5y1SZ3CJ https://t.co/vPpwZAuTwM"
Woody Allen	@CollinRugg How bizarre they dress police up in white , like watching a woody Allen movie where they want everyone to believe the protesters are infested with covid . Ratg13
Gillian Anderson	ğŸ“· 20th-century-man: Gillian Anderson https://t.co/3KretBOdTf
Gillian Anderson	day 139 of asking for gillian anderson as the rani
Gillian Anderson	Category is BEST CHEMISTRY and they are winning. David Duchovny and Gillian Anderson. https://t.co/Kbdo0kdMbL
Gillian Anderson	@gates_mcfadden Like Gillian Anderson, redheads are incapable of ageing.
Gillian Anderson	@SabrinchenL The Fall klingt interessant, mit Gillian Anderson.
Gillian Anderson	Gillian Anderson, Jodie Foster and Jamie Lee Curtis https://t.co/EiRfeGm6mU
Gillian Anderson	ISSO AQUIIIIIIII REALZAO DEMAIS to de olho em vcs sapatolas obcecadas por gillian anderson q nao aceitam nem UMA pelanca a mais em velha nenhumaâ€¦ chega uma jean smart uma lesley manville uma barbara hershey ai ja comeÃ§a o quiquiqui ficam tudo chamando de vovÃ³ vovÃ³ Ã© minha BINGA https://t.co/PtW0y32nKx
Gillian Anderson	my age limit is whatever age gillian anderson is at the moment
Gillian Anderson	Gillian Anderson Nude Sex Actons inÂ Straightheads https://t.co/4YBoYHxALB
Pamela Anderson	Kerwin Church Genevieve Sherwood #ç°äº§ Winifred Fielding #è‚¡ç¥¨ Adam Anderson #å››ä»¶å¥— Pamela Richards Zero Pollitt https://t.co/1Z1W535qvS
Pamela Anderson	Ya ha aparecido la Pamela Anderson de copia... #FirstDates28N https://t.co/FNA058uPgR
Pamela Anderson	"https://t.co/XNyUCj6tJb
https://t.co/fz9ZC1TmZR
Women - Pamela Anderson-00c23 (5120x2880) https://t.co/dcJiDsKFNX"
Pamela Anderson	@turdette_ @rickygervais On your profile, when you say you have the body of Pamela Anderson, do you mean you have hepatitis? ğŸ¤”ğŸ˜³
Pamela Anderson	@CdMcC1991 - the poster of Pamela Anderson in your nightstand reading this tweet https://t.co/l0k9XCSjvD
Pamela Anderson	Lydia Anderson #çˆ±æ¸¸æˆä½“è‚² #ä¸–ç•Œæ¯ Hermosa Augustus Pamela Wheeler Bridget Bright https://t.co/dIIoDc4IpB
Pamela Anderson	Michelle Hopkin(s) Pamela Trevelyan #ä¸œè Wallis Lyly #æ— é”¡ Isabel Dickens #å®æ³¢ Lucy Anderson https://t.co/GAv8apEOCU
Pamela Anderson	Pamela Anderson as Vallery Irons in V.I.P tv show 2001 https://t.co/FCDot6jakD
Pamela Anderson	@FoxNews He never mentioned Pamela Anderson's poster
Pamela Anderson	Vou malhar tanto que vÃ£o dizer nossa esses peitÃ£o aÃ­ de Pamela Anderson e eu vou dizer eu mesma Pamela Anderson
